{
    "username": "permenas",
    "kantor": {
        "tipeKantor": 0,
        "kantorChild": null,
        "kantorID": "1f019412630f4aa4807187838d00f026",
        "induk": "A1DED793DADBC64DE0400B0A9A144C4A",
        "kantorIdPusat": null,
        "kode": "1005",
        "nama": "Kabupaten Bekasi",
        "kota": "BEKASI",
        "alamat": "Komplek Lippo Cikarang Jln. Daha Blok B4 Kode Pos 17550",
        "telepon": "021-89902728",
        "fax": null,
        "email": null,
        "validSejak": "0001-01-01T00:00:00",
        "validSampai": "0001-01-01T00:00:00",
        "hsbKu1": 50000,
        "hsbKu2": 100000,
        "hsBKpa1": 0,
        "hsBKpa2": 0,
        "hsbKpp1": 0,
        "hsbKpp2": 0,
        "hsbKpm1": 0,
        "hsbKpm2": 0,
        "hsbKpb": 0,
        "pembulatanLuas": null,
        "nipKakan": null,
        "namaKakan": null,
        "golonganKakan": null,
        "nipKasiPengukuran": null,
        "namaKasiPengukuran": null,
        "nipKasiPendaftaran": null,
        "namaKasiPendaftaran": null,
        "kodeSK": null,
        "tanggalAwal": 1,
        "bulanAwal": null,
        "tanggalAkhir": 30,
        "bulanAkhir": null,
        "tipeKantorId": 3,
        "tipePetaDasar": null,
        "urlGisTaru": null,
        "layerGisTaru": null
    },
    "tm3": "49.1"
}