{
   "layers": {
      "Layer Administrasi": [
         {
            "Kode": "010100",
            "Nama Layer": "(010100) Batas Negara",
            "Tipe Layer": "Polygon",
            "Style Path": "administrasi.qml",
            "Attributes": ""
         },
         {
            "Kode": "010200",
            "Topologi": "Batas_Propinsi",
            "Tipe Objek": "Propinsi",
            "Nama Layer": "(010200) Batas Propinsi",
            "Tipe Layer": "1",
            "Style Path": "administrasi.qml",
            "Attributes": ""
         },
         {
            "Kode": "010300",
            "Topologi": "Batas_Kabupaten",
            "Tipe Objek": "Kabupaten",
            "Nama Layer": "(010300) Batas Kabupaten / Kotamadya",
            "Tipe Layer": "Polygon",
            "Style Path": "administrasi.qml",
            "Attributes": ""
         },
         {
            "Kode": "010400",
            "Topologi": "Batas_Kecamatan",
            "Tipe Objek": "Kecamatan",
            "Nama Layer": "(010400) Batas Kecamatan",
            "Tipe Layer": "Polygon",
            "Style Path": "administrasi.qml",
            "Attributes": ""
         },
         {
            "Kode": "010500",
            "Topologi": "Batas_Desa",
            "Tipe Objek": "Desa",
            "Nama Layer": "(010500) Batas Kelurahan",
            "Tipe Layer": "Polygon",
            "Style Path": "administrasi.qml",
            "Attributes": ""
         },
         {
            "Kode": "010600",
            "Nama Layer": "(010600) Batas RW",
            "Tipe Layer": "Polygon",
            "Style Path": "administrasi.qml",
            "Attributes": ""
         },
         {
            "Kode": "010700",
            "Nama Layer": "(010700) Batas RT",
            "Tipe Layer": "Polygon",
            "Style Path": "administrasi.qml",
            "Attributes": ""
         }
      ],
      "Layer Kadastral": [
         {
            "Kode": "020100",
            "Tipe Objek": "BidangTanah",
            "Topologi": "Batas_Persil",
            "Nama Layer": "(020100) Batas Persil",
            "Tipe Layer": "Polygon",
            "Style Path": "simplepersil2.qml",
            "Attributes": [
               {
                  "key": "String",
                  "type": "String",
                  "label": "String",
                  "height": "String",
                  "rotation": "String"
               }
            ]
         },
         {
            "Kode": "020200",
            "Nama Layer": "(020200) Batas Sub Persil",
            "Tipe Layer": "LineString",
            "Style Path": "simplepersil.qml",
            "Attributes": ""
         },
         {
            "Kode": "020300",
            "Topologi": "GarisUkur",
            "Tipe Objek": "GarisUkur",
            "Nama Layer": "(020300) Garis Garis Gambar Ukur",
            "Tipe Layer": "LineString",
            "Style Path": "",
            "Attributes": [
               {
                  "No GU": "String",
                  "NIB": "String",
                  "Scan GU": "String"
               }
            ]
         },
         {
            "Kode": "020400",
            "Topologi": "Dimensi",
            "Tipe Objek": "Dimensi",
            "Nama Layer": "(020400) Dimensi Pengukuran",
            "Tipe Layer": "LineString",
            "Style Path": "dimension.qml",
            "Attributes": [
               {
                  "Nilai": "String",
                  "Jenis": "String"
               }
            ]
         },
         {
            "Kode": "020500",
            "Nama Layer": "(020500) Pagar Tembok",
            "Tipe Layer": "LineString",
            "Style Path": "",
            "Attributes": ""
         },
         {
            "Kode": "020600",
            "Nama Layer": "(020600) Pagar Besi",
            "Tipe Layer": "LineString",
            "Style Path": "",
            "Attributes": ""
         },
         {
            "Kode": "020700",
            "Nama Layer": "(020700) Pagar Kayu",
            "Tipe Layer": "LineString",
            "Style Path": "",
            "Attributes": ""
         },
         {
            "Kode": "020800",
            "Nama Layer": "(020800) Pagar Bambu",
            "Tipe Layer": "LineString",
            "Style Path": "",
            "Attributes": ""
         },
         {
            "Kode": "020900",
            "Nama Layer": "(020900) Pagar Hidup",
            "Tipe Layer": "LineString",
            "Style Path": "",
            "Attributes": ""
         }
      ],
      "Layer Perairan": [
         {
            "Kode": "030100",
            "Topologi": "BatasHidrologi",
            "Tipe Objek": "TepiHidrologi",
            "Nama Layer": "(030100) Batas Sungai",
            "Tipe Layer": "LineString",
            "Style Path": "",
            "Attributes": ""
         },
         {
            "Kode": "030200",
            "Topologi": "AsHidrologi",
            "Tipe Objek": "AsHidrologi",
            "Nama Layer": "(030200) Garis Tengah Sungai",
            "Tipe Layer": "LineString",
            "Style Path": "",
            "Attributes": ""
         },
         {
            "Kode": "030300",
            "Nama Layer": "(030300) Batas Saluran Selokan",
            "Tipe Layer": "LineString",
            "Style Path": "",
            "Attributes": ""
         },
         {
            "Kode": "030400",
            "Nama Layer": "(030400) Garis Tengah Saluran Selokan",
            "Tipe Layer": "LineString",
            "Style Path": "",
            "Attributes": ""
         },
         {
            "Kode": "030500",
            "Nama Layer": "(030500) Danau",
            "Tipe Layer": "Polygon",
            "Style Path": "hidrologi.qml",
            "Attributes": ""
         },
         {
            "Kode": "030600",
            "Nama Layer": "(030600) Rawa",
            "Tipe Layer": "Polygon",
            "Style Path": "hidrologi.qml",
            "Attributes": ""
         },
         {
            "Kode": "030700",
            "Nama Layer": "(030700) Empang Kolam",
            "Tipe Layer": "Polygon",
            "Style Path": "hidrologi.qml",
            "Attributes": ""
         },
         {
            "Kode": "030800",
            "Nama Layer": "(030800) Batas Pantai",
            "Tipe Layer": "LineString",
            "Style Path": "",
            "Attributes": ""
         },
         {
            "Kode": "030900",
            "Nama Layer": "(030900) Dam",
            "Tipe Layer": "Polygon",
            "Style Path": "hidrologi.qml",
            "Attributes": ""
         },
         {
            "Kode": "031000",
            "Nama Layer": "(031000) Galian",
            "Tipe Layer": "Polygon",
            "Style Path": "hidrologi.qml",
            "Attributes": ""
         }
      ],
      "Layer Transportasi": [
         {
            "Kode": "040100",
            "Topologi": "BatasJalan",
            "Tipe Objek": "TepiJalan",
            "Nama Layer": "(040100) Batas Jalan Diperkeras",
            "Tipe Layer": "LineString",
            "Style Path": "transportasi.qml",
            "Attributes": ""
         },
         {
            "Kode": "040200",
            "Topologi": "AsJalan",
            "Tipe Objek": "AsJalan",
            "Nama Layer": "(040200) Garis Tengah Jalan Diperkeras",
            "Tipe Layer": "LineString",
            "Style Path": "transportasi.qml",
            "Attributes": ""
         },
         {
            "Kode": "040300",
            "Nama Layer": "(040300) Batas Trotoar",
            "Tipe Layer": "LineString",
            "Style Path": "transportasi.qml",
            "Attributes": ""
         },
         {
            "Kode": "040400",
            "Nama Layer": "(040400) Batas Jalan Tanah",
            "Tipe Layer": "LineString",
            "Style Path": "transportasi.qml",
            "Attributes": ""
         },
         {
            "Kode": "040500",
            "Nama Layer": "(040500) Garis Tengah Jalan Tanah",
            "Tipe Layer": "LineString",
            "Style Path": "transportasi.qml",
            "Attributes": ""
         },
         {
            "Kode": "040600",
            "Nama Layer": "(040600) Batas Jalan Tanah Di Pemukiman",
            "Tipe Layer": "LineString",
            "Style Path": "transportasi.qml",
            "Attributes": ""
         },
         {
            "Kode": "040700",
            "Nama Layer": "(040700) Garis Tengah Jalan Tanah Di Pemukiman",
            "Tipe Layer": "LineString",
            "Style Path": "transportasi.qml",
            "Attributes": ""
         },
         {
            "Kode": "040800",
            "Nama Layer": "(040800) Batas Jalan Setapak Di Sawah",
            "Tipe Layer": "LineString",
            "Style Path": "transportasi.qml",
            "Attributes": ""
         },
         {
            "Kode": "040900",
            "Nama Layer": "(040900) Garis Tengah Jalan Setapak Di Sawah",
            "Tipe Layer": "LineString",
            "Style Path": "transportasi.qml",
            "Attributes": ""
         },
         {
            "Kode": "041000",
            "Nama Layer": "(041000) Batas Rel Kereta Api",
            "Tipe Layer": "LineString",
            "Style Path": "transportasi.qml",
            "Attributes": ""
         },
         {
            "Kode": "041100",
            "Topologi": "AsRel",
            "Tipe Objek": "AsRel",
            "Nama Layer": "(041100) Garis Tengah Rel Kereta Api",
            "Tipe Layer": "LineString",
            "Style Path": "transportasi.qml",
            "Attributes": ""
         },
         {
            "Kode": "041200",
            "Nama Layer": "(041200) Batas Rel Lori",
            "Tipe Layer": "LineString",
            "Style Path": "transportasi.qml",
            "Attributes": ""
         },
         {
            "Kode": "041300",
            "Nama Layer": "(041300) Garis Tengah Rel Lori",
            "Tipe Layer": "LineString",
            "Style Path": "transportasi.qml",
            "Attributes": ""
         },
         {
            "Kode": "041400",
            "Nama Layer": "(041400) Batas Jembatan",
            "Tipe Layer": "LineString",
            "Style Path": "transportasi.qml",
            "Attributes": ""
         },
         {
            "Kode": "041500",
            "Nama Layer": "(041500) Garis Tengah Jembatan",
            "Tipe Layer": "LineString",
            "Style Path": "transportasi.qml",
            "Attributes": ""
         }
      ],
      "Layer Titik Tinggi Geodesi": [
         {
            "Kode": "050100",
            "Nama Layer": "(050100) Titik Tinggi Geodesi BPN",
            "Tipe Layer": "Point",
            "Style Path": "",
            "Attributes": ""
         },
         {
            "Kode": "050200",
            "Nama Layer": "(050200) Titik Tinggi Geodesi Instansi Lain",
            "Tipe Layer": "Point",
            "Style Path": "",
            "Attributes": ""
         }
      ],
      "Layer Titik Dasar Teknis": [
         {
            "Kode": "060100",
            "Nama Layer": "(060100) Titik Dasar Teknis Orde 0",
            "Tipe Layer": "Point",
            "Style Path": "TDT.qml",
            "Attributes": ""
         },
         {
            "Kode": "060200",
            "Nama Layer": "(060200) Titik Dasar Teknis Orde 1",
            "Tipe Layer": "Point",
            "Style Path": "TDT.qml",
            "Attributes": ""
         },
         {
            "Kode": "060300",
            "Nama Layer": "(060300) Titik Dasar Teknis Orde 2",
            "Tipe Layer": "Point",
            "Style Path": "TDT.qml",
            "Attributes": ""
         },
         {
            "Kode": "060400",
            "Nama Layer": "(060400) Titik Dasar Teknis Orde 3",
            "Tipe Layer": "Point",
            "Style Path": "TDT.qml",
            "Attributes": ""
         },
         {
            "Kode": "060500",
            "Nama Layer": "(060500) Titik Dasar Teknis Orde 4",
            "Tipe Layer": "Point",
            "Style Path": "TDT.qml",
            "Attributes": ""
         },
         {
            "Kode": "060600",
            "Nama Layer": "(060600) Titik Dasar Teknis Perapatan",
            "Tipe Layer": "Point",
            "Style Path": "TDT.qml",
            "Attributes": ""
         },
         {
            "Kode": "060700",
            "Nama Layer": "(060700) Titik Dasar Teknis Instansi Lain",
            "Tipe Layer": "Point",
            "Style Path": "TDT.qml",
            "Attributes": ""
         },
         {
            "Kode": "060800",
            "Nama Layer": "(060800) Titik Pengukuran",
            "Tipe Layer": "Point",
            "Style Path": "titikpengukuran.qml",
            "Attributes": [
               {
                  "Adjustment": "String",
                  "Alat": "String",
                  "Foto": "String",
                  "Ketelitian": "String",
                  "Metode": "String",
                  "Status Persetujuan": "String"
               }
            ]
         }
      ],
      "Layer Bangunan": [
         {
            "Kode": "070100",
            "Topologi": "Bangunan",
            "Tipe Objek": "Bangunan",
            "Nama Layer": "(070100) Bangunan Rumah",
            "Tipe Layer": "Polygon",
            "Style Path": "",
            "Attributes": ""
         },
         {
            "Kode": "020110",
            "Topologi": "Gambar_Denah",
            "Tipe Objek": "Apartemen",
            "Nama Layer": "(020110) Apartemen",
            "Tipe Layer": "Polygon",
            "Style Path": "apartemen.qml",
            "Attributes": [
               {
                  "key": "String",
                  "type": "String",
                  "label": "String",
                  "height": "String",
                  "rotation": "String"
               }
            ]
         },
         {
            "Kode": "080210",
            "Topologi": "Apartemen",
            "Tipe Objek": "NomorApartemen",
            "Nama Layer": "(080210) Nomor Apartemen",
            "Tipe Layer": "Point",
            "Style Path": "",
            "Attributes": [
               {
                  "key": "String",
                  "type": "String",
                  "label": "String",
                  "height": "String",
                  "rotation": "String"
               }
            ]
         },
         {
            "Kode": "070200",
            "Nama Layer": "(070200) Bangunan Bertingkat",
            "Tipe Layer": "Polygon",
            "Style Path": "",
            "Attributes": ""
         },
         {
            "Kode": "070300",
            "Nama Layer": "(070300) Menara Transmisi",
            "Tipe Layer": "Point",
            "Style Path": "",
            "Attributes": ""
         },
         {
            "Kode": "070400",
            "Nama Layer": "(070400) Tiang Listrik",
            "Tipe Layer": "Point",
            "Style Path": "",
            "Attributes": ""
         },
         {
            "Kode": "070500",
            "Nama Layer": "(070500) Tiang Telepon",
            "Tipe Layer": "Point",
            "Style Path": "",
            "Attributes": ""
         },
         {
            "Kode": "070600",
            "Nama Layer": "(070600) Pipa",
            "Tipe Layer": "LineString",
            "Style Path": "",
            "Attributes": ""
         },
         {
            "Kode": "070700",
            "Nama Layer": "(070700) Bangunan Tidak Permanen",
            "Tipe Layer": "Polygon",
            "Style Path": "",
            "Attributes": ""
         }
      ],
      "Layer Teks": [
         {
            "Kode": "080101",
            "Nama Layer": "(080101) Nama Negara",
            "Tipe Layer": "Point",
            "Style Path": "",
            "Attributes": [
               {
                  "key": "String",
                  "type": "String",
                  "label": "String",
                  "height": "String",
                  "rotation": "String"
               }
            ]
         },
         {
            "Kode": "080102",
            "Topologi": "Batas_Propinsi",
            "Tipe Objek": "NamaPropinsi",
            "Nama Layer": "(080102) Nama Propinsi",
            "Tipe Layer": "Point",
            "Style Path": "",
            "Attributes": [
               {
                  "key": "String",
                  "type": "String",
                  "label": "String",
                  "height": "String",
                  "rotation": "String"
               }
            ]
         },
         {
            "Kode": "080103",
            "Topologi": "Batas_Kabupaten",
            "Tipe Objek": "NamaKabupaten",
            "Nama Layer": "(080103) Nama Kabupaten / Kotamadya",
            "Tipe Layer": "Point",
            "Style Path": "",
            "Attributes": [
               {
                  "key": "String",
                  "type": "String",
                  "label": "String",
                  "height": "String",
                  "rotation": "String"
               }
            ]
         },
         {
            "Kode": "080104",
            "Topologi": "Batas_Kecamatan",
            "Tipe Objek": "NamaKecamatan",
            "Nama Layer": "(080104) Nama Kecamatan",
            "Tipe Layer": "Point",
            "Style Path": "",
            "Attributes": ""
         },
         {
            "Kode": "080105",
            "Topologi": "Batas_Desa",
            "Tipe Objek": "NamaDesa",
            "Nama Layer": "(080105) Nama Desa",
            "Tipe Layer": "Point",
            "Style Path": "",
            "Attributes": ""
         },
         {
            "Kode": "080106",
            "Nama Layer": "(080106) Nama RW",
            "Tipe Layer": "Point",
            "Style Path": "",
            "Attributes": ""
         },
         {
            "Kode": "080107",
            "Nama Layer": "(080107) Nama RT",
            "Tipe Layer": "Point",
            "Style Path": "",
            "Attributes": ""
         },
         {
            "Kode": "080201",
            "Topologi": "Batas_Persil",
            "Tipe Objek": "NomorBidang",
            "Nama Layer": "(080201) NIB",
            "Tipe Layer": "Point",
            "Style Path": "simpletitik.qml",
            "Attributes": [
               {
                  "key": "String",
                  "type": "String",
                  "label": "String",
                  "height": "String",
                  "rotation": "String"
               }
            ]
         },
         {
            "Kode": "080202",
            "Topologi": "Persil",
            "Tipe Objek": "NomorGSSU",
            "Nama Layer": "(080202) Nomor SU",
            "Tipe Layer": "Point",
            "Style Path": "simpletitik.qml",
            "Attributes": [
               {
                  "key": "String",
                  "type": "String",
                  "label": "String",
                  "height": "String",
                  "rotation": "String"
               }
            ]
         },
         {
            "Kode": "080203",
            "Topologi": "Batas_Persil",
            "Tipe Objek": "NomorHak",
            "Nama Layer": "(080203) Nomor Hak",
            "Tipe Layer": "Point",
            "Style Path": "simpletitik.qml",
            "Attributes": [
               {
                  "key": "String",
                  "type": "String",
                  "label": "String",
                  "height": "String",
                  "rotation": "String"
               }
            ]
         },
         {
            "Kode": "080204",
            "Nama Layer": "(080204) Kode Sub Persil",
            "Tipe Layer": "Point",
            "Style Path": "",
            "Attributes": ""
         },
         {
            "Kode": "080301",
            "Topologi": "TeksHidrologi",
            "Tipe Objek": "TeksHidrologi",
            "Nama Layer": "(080301) Nama Sungai",
            "Tipe Layer": "Point",
            "Style Path": "",
            "Attributes": ""
         },
         {
            "Kode": "080302",
            "Nama Layer": "(080302) Nama Saluran Selokan",
            "Tipe Layer": "Point",
            "Style Path": "",
            "Attributes": ""
         },
         {
            "Kode": "080303",
            "Nama Layer": "(080303) Nama Danau",
            "Tipe Layer": "Point",
            "Style Path": "",
            "Attributes": ""
         },
         {
            "Kode": "080304",
            "Nama Layer": "(080304) Nama Rawa",
            "Tipe Layer": "Point",
            "Style Path": "",
            "Attributes": ""
         },
         {
            "Kode": "080305",
            "Nama Layer": "(080305) Nama Empang Kolam",
            "Tipe Layer": "Point",
            "Style Path": "",
            "Attributes": ""
         },
         {
            "Kode": "080306",
            "Nama Layer": "(080306) Nama Pantai",
            "Tipe Layer": "Point",
            "Style Path": "",
            "Attributes": ""
         },
         {
            "Kode": "080307",
            "Nama Layer": "(080307) Nama Dam",
            "Tipe Layer": "Point",
            "Style Path": "",
            "Attributes": ""
         },
         {
            "Kode": "080308",
            "Nama Layer": "(080308) Nama Galian",
            "Tipe Layer": "Point",
            "Style Path": "",
            "Attributes": ""
         },
         {
            "Kode": "080401",
            "Topologi": "TeksJalan",
            "Tipe Objek": "TeksJalan",
            "Nama Layer": "(080401) Nama Jalan Diperkeras",
            "Tipe Layer": "Point",
            "Style Path": "",
            "Attributes": ""
         },
         {
            "Kode": "080402",
            "Nama Layer": "(080402) Nama Jalan Tanah",
            "Tipe Layer": "Point",
            "Style Path": "",
            "Attributes": ""
         },
         {
            "Kode": "080403",
            "Nama Layer": "(080403) Nama Jalan Setapak Di Pemukiman",
            "Tipe Layer": "Point",
            "Style Path": "",
            "Attributes": ""
         },
         {
            "Kode": "080404",
            "Nama Layer": "(080404) Nama Jalan Setapak Di Sawah",
            "Tipe Layer": "Point",
            "Style Path": "",
            "Attributes": ""
         },
         {
            "Kode": "080405",
            "Nama Layer": "(080405) Nama Rel Kereta Api",
            "Tipe Layer": "Point",
            "Style Path": "",
            "Attributes": ""
         },
         {
            "Kode": "080406",
            "Nama Layer": "(080406) Nama Rel Lori",
            "Tipe Layer": "Point",
            "Style Path": "",
            "Attributes": ""
         },
         {
            "Kode": "080407",
            "Nama Layer": "(080407) Nama Jembatan",
            "Tipe Layer": "Point",
            "Style Path": "",
            "Attributes": ""
         },
         {
            "Kode": "080501",
            "Nama Layer": "(080501) Identitas Titik Tinggi Geodesi BPN",
            "Tipe Layer": "Point",
            "Style Path": "",
            "Attributes": ""
         },
         {
            "Kode": "080502",
            "Nama Layer": "(080502) Identitas Titik Tinggi Geodesi Instansi Lain",
            "Tipe Layer": "Point",
            "Style Path": "",
            "Attributes": ""
         },
         {
            "Kode": "080601",
            "Nama Layer": "(080601) Identitas Titik Dasar Teknis Orde 0",
            "Tipe Layer": "Point",
            "Style Path": "",
            "Attributes": ""
         },
         {
            "Kode": "080602",
            "Nama Layer": "(080602) Identitas Titik Dasar Teknis Orde 1",
            "Tipe Layer": "Point",
            "Style Path": "",
            "Attributes": ""
         },
         {
            "Kode": "080603",
            "Nama Layer": "(080603) Identitas Titik Dasar Teknis Orde 2",
            "Tipe Layer": "Point",
            "Style Path": "",
            "Attributes": ""
         },
         {
            "Kode": "080604",
            "Nama Layer": "(080604) Identitas Titik Dasar Teknis Orde 3",
            "Tipe Layer": "Point",
            "Style Path": "",
            "Attributes": ""
         },
         {
            "Kode": "080605",
            "Nama Layer": "(080605) Identitas Titik Dasar Teknis Orde 4",
            "Tipe Layer": "Point",
            "Style Path": "",
            "Attributes": ""
         },
         {
            "Kode": "080606",
            "Nama Layer": "(080606) Identitas Titik Dasar Teknis Perapatan",
            "Tipe Layer": "Point",
            "Style Path": "",
            "Attributes": ""
         },
         {
            "Kode": "080607",
            "Nama Layer": "(080607) Identitas Titik Dasar Teknis Instansi Lain",
            "Tipe Layer": "Point",
            "Style Path": "",
            "Attributes": ""
         },
         {
            "Kode": "080608",
            "Nama Layer": "(080608) Identitas Titik Pengukuran",
            "Tipe Layer": "Point",
            "Style Path": "",
            "Attributes": ""
         },
         {
            "Kode": "080701",
            "Topologi": "Bangunan",
            "Tipe Objek": "NamaBangunan",
            "Nama Layer": "(080701) Identitas Bangunan Rumah",
            "Tipe Layer": "Point",
            "Style Path": "",
            "Attributes": ""
         },
         {
            "Kode": "080702",
            "Nama Layer": "(080702) Identitas Bangunan Bertingkat",
            "Tipe Layer": "Point",
            "Style Path": "",
            "Attributes": ""
         },
         {
            "Kode": "080703",
            "Nama Layer": "(080703) Identitas Menara Transmisi",
            "Tipe Layer": "Point",
            "Style Path": "",
            "Attributes": ""
         },
         {
            "Kode": "080704",
            "Nama Layer": "(080704) Identitas Tiang Listrik",
            "Tipe Layer": "Point",
            "Style Path": "",
            "Attributes": ""
         },
         {
            "Kode": "080705",
            "Nama Layer": "(080705) Identitas Tiang Telepon",
            "Tipe Layer": "Point",
            "Style Path": "",
            "Attributes": ""
         },
         {
            "Kode": "080706",
            "Nama Layer": "(080706) Identitas Pipa",
            "Tipe Layer": "Point",
            "Style Path": "",
            "Attributes": ""
         },
         {
            "Kode": "080707",
            "Nama Layer": "(080707) Identitas Bangunan Tidak Permanen",
            "Tipe Layer": "Point",
            "Style Path": "",
            "Attributes": ""
         },
         {
            "Kode": "080901",
            "Nama Layer": "(080901) Nama Kebun",
            "Tipe Layer": "Point",
            "Style Path": "",
            "Attributes": ""
         },
         {
            "Kode": "080902",
            "Nama Layer": "(080902) Nama Sawah",
            "Tipe Layer": "Point",
            "Style Path": "",
            "Attributes": ""
         },
         {
            "Kode": "080903",
            "Nama Layer": "(080903) Nama Tegalan Tanah Kosong",
            "Tipe Layer": "Point",
            "Style Path": "",
            "Attributes": ""
         },
         {
            "Kode": "080904",
            "Nama Layer": "(080904) Nama Hutan",
            "Tipe Layer": "Point",
            "Style Path": "",
            "Attributes": ""
         }
      ],
      "Layer Penggunaan Lahan": [
         {
            "Kode": "090100",
            "Nama Layer": "(090100) Kebun",
            "Tipe Layer": "Polygon",
            "Style Path": "",
            "Attributes": ""
         },
         {
            "Kode": "090200",
            "Nama Layer": "(090200) Sawah",
            "Tipe Layer": "Polygon",
            "Style Path": "",
            "Attributes": ""
         },
         {
            "Kode": "090300",
            "Nama Layer": "(090300) Tegalan Tanah Kosong",
            "Tipe Layer": "Polygon",
            "Style Path": "",
            "Attributes": ""
         },
         {
            "Kode": "090400",
            "Nama Layer": "(090400) Hutan",
            "Tipe Layer": "Polygon",
            "Style Path": "",
            "Attributes": ""
         }
      ],
      "Layer Kontur": [
         {
            "Kode": "0100100",
            "Nama Layer": "(100100) Garis Kontur",
            "Tipe Layer": "LineString",
            "Style Path": "",
            "Attributes": ""
         },
         {
            "Kode": "0100200",
            "Nama Layer": "(100200) Garis Kontur Indeks",
            "Tipe Layer": "LineString",
            "Style Path": "",
            "Attributes": ""
         }
      ],
      "Layer Citra/Foto Udara": [
         {
            "Kode": "0120100",
            "Nama Layer": "(120100) Layer Citra Foto Udara",
            "Tipe Layer": "Raster",
            "Style Path": "",
            "Attributes": ""
         }
      ],
      "Layer Lain": [
         {
            "Kode": "Tn_lai",
            "Topologi": "TeksLain",
            "Tipe Objek": "TeksLain",
            "Nama Layer": "(Tn_lai) Teks Lain",
            "Tipe Layer": "Point",
            "Style Path": "simpletitik.qml",
            "Attributes": ""
         },
         {
            "Kode": "Lb_lai",
            "Topologi": "GarisLain",
            "Tipe Objek": "GarisLain",
            "Nama Layer": "(Lb_lai) Garis Lain",
            "Tipe Layer": "LineString",
            "Style Path": "",
            "Attributes": ""
         },
         {
            "Kode": "Tn_Rincikan",
            "Nama Layer": "(Tn_Rincikan) Teks Rincikan",
            "Tipe Layer": "Point",
            "Style Path": "",
            "Attributes": ""
         },
         {
            "Kode": "Lb_Rincikan",
            "Nama Layer": "(Lb_Rincikan) Garis Rincikan",
            "Tipe Layer": "Polygon",
            "Style Path": "rincikan.qml",
            "Attributes": [
               {
                  "key": "String",
                  "type": "String",
                  "label": "String",
                  "height": "String",
                  "rotation": "String",
                  "pemilik": "String"
               }
            ]
         },
         {
            "Kode": "Bintang",
            "Nama Layer": "(Bintang)",
            "Tipe Layer": "point",
            "Style Path": "bintang.qml",
            "Attributes": ""
         }
      ]
   }
}